ID;Fonte;Tarefa; UST
1;Catálogo de Serviços de T.I.  CSTI_Docker;Planejamento de Arquitetura de Containers: Definição da arquitetura ideal para containers, incluindo escolha de imagens, volumes e rede para otimizar desempenho e segurança                                                 ;5
2;Catálogo de Serviços de T.I.  CSTI_Docker;Configuração de Docker Swarm: Planejamento e implementação de um cluster Docker Swarm para orquestração de containers, incluindo a configuração de alta disponibilidade e balanceamento de carga.                            ;6
3;Catálogo de Serviços de T.I.  CSTI_Docker;Integração de Docker com Ferramentas de Monitoramento: Consultoria para integração do Docker com sistemas de monitoramento como Prometheus, Grafana e ELK Stack para rastreamento de métricas e logs                         ;5
4;Catálogo de Serviços de T.I.  CSTI_Docker;Customização de Imagens Docker: Desenvolvimento de imagens Docker personalizadas para atender a requisitos específicos de performance ou compatibilidade de software.                                                        ;4
5;Catálogo de Serviços de T.I.  CSTI_Docker;Automação de Deploy de Containers: Criação de scripts e automações para deploy contínuo de containers em ambientes de produção e desenvolvimento.                                                                            ;5
6;Catálogo de Serviços de T.I.  CSTI_Docker;Implementação de Políticas de Backup e Recuperação de Containers: Planejamento e configuração de estratégias de backup e recuperação de dados para containers Docker e volumes persistentes.                                 ;4
7;Catálogo de Serviços de T.I.  CSTI_Docker;Implementação de Segurança Avançada para Docker: Configuração de políticas de segurança, como controle de acesso baseado em funções (RBAC), e hardening de containers.                                                       ;5
8;Catálogo de Serviços de T.I.  CSTI_Docker;Consultoria em Escalabilidade e Alta Disponibilidade para Docker: Planejamento de ambientes escaláveis e resilientes com Docker, incluindo balanceamento de carga e replicação de containers.                                ;6
9;Catálogo de Serviços de T.I.  CSTI_Docker;Desenvolvimento de Scripts para Automação de Tarefas Docker: Criação de scripts para automação de tarefas rotineiras, como limpeza de containers inativos e volumes não utilizados.                                          ;4
10;Catálogo de Serviços de T.I.  CSTI_Docker;Configuração de Redes Avançadas para Docker: Implementação de redes customizadas para comunicação entre containers, incluindo redes overlay e integração com Docker Compose.                                                 ;5
11;Catálogo de Serviços de T.I.  CSTI_Docker;Análise e Otimização de Performance de Containers Docker: Diagnóstico e ajuste de containers com alto consumo de recursos, ajustando limites de CPU, memória e I/O.                                                          ;5
12;Catálogo de Serviços de T.I.  CSTI_Docker;Implementação de Políticas de Monitoramento de Containers: Definição e implementação de políticas de monitoramento e alertas, configurando ferramentas como Grafana e Prometheus para alertas em containers.                 ;4
13;Catálogo de Serviços de T.I.  CSTI_Docker;Consultoria para Expansão de Infraestrutura Docker: Planejamento e otimização da infraestrutura Docker para suportar um aumento de containers e garantir alta disponibilidade e performance.                                 ;5
14;Catálogo de Serviços de T.I.  CSTI_Docker;Configuração de Docker Compose para Desenvolvimento: Configuração e otimização do Docker Compose para ambientes de desenvolvimento e teste, incluindo múltiplos containers e volumes.                                        ;3
15;Catálogo de Serviços de T.I.  CSTI_Docker;Implementação de Certificados SSL/TLS para Containers Docker: Configuração de certificados de segurança para containers que utilizam serviços web ou precisam de comunicação criptografada.                                  ;4
16;Catálogo de Serviços de T.I.  CSTI_Docker;Auditoria de Segurança de Containers Docker: Avaliação e correção de vulnerabilidades em containers Docker, incluindo o uso de ferramentas de análise de segurança como Docker Bench ou Clair.                               ;5
17;Catálogo de Serviços de T.I.  CSTI_Docker;Desenvolvimento de Regras de Monitoramento para Containers Docker: Criação de regras de monitoramento personalizadas para métricas específicas dos containers, como tempo de atividade, consumo de recursos e falhas de rede.;4
18;Catálogo de Serviços de T.I.  CSTI_Docker;Planejamento de Implementação de Docker em Produção: Consultoria para implantação de Docker em ambientes de produção, com foco em segurança, escalabilidade e desempenho.                                                    ;6
19;Catálogo de Serviços de T.I.  CSTI_Docker;Treinamento e Transferência de Conhecimento sobre Docker: Treinamento da equipe interna para garantir o uso adequado do Docker, desde a criação de containers até a gestão avançada de clusters e redes.                     ;3
20;Catálogo de Serviços de T.I.  CSTI_Wazuh;Planejamento de Arquitetura de Segurança com Wazuh: Definição da arquitetura ideal para monitoramento, incluindo alta disponibilidade e segurança dos dados.;5
21;Catálogo de Serviços de T.I.  CSTI_Wazuh;Configuração Avançada de Regras e Detecção de Ameaças: Desenvolvimento de regras personalizadas para atender a requisitos específicos de segurança.;4
22;Catálogo de Serviços de T.I.  CSTI_Wazuh;Integração com Ferramentas de SIEM e Monitoramento Externo: Consultoria para integração do Wazuh com outras plataformas de SIEM e monitoramento.;5
23;Catálogo de Serviços de T.I.  CSTI_Wazuh;Customização e Desenvolvimento de Scripts de Automação: Criação de scripts para automação de processos complexos, como resposta a incidentes e relatórios.;4
24;Catálogo de Serviços de T.I.  CSTI_Wazuh;Implementação de Políticas de Compliance e Conformidade: Configuração de auditorias e relatórios de compliance para atender a normas regulatórias.;4
25;Catálogo de Serviços de T.I.  CSTI_Wazuh;Configuração de Backup e Recuperação de Desastres: Implementação de estratégias de backup e recuperação de desastres para continuidade de dados e serviços.;4
26;Catálogo de Serviços de T.I.  CSTI_Wazuh;Implementação de Alta Disponibilidade: Planejamento e configuração de alta disponibilidade para o Wazuh e Elasticsearch, com testes de failover.;5
27;Catálogo de Serviços de T.I.  CSTI_Wazuh;Desenvolvimento de Fluxos de Resposta a Incidentes: Configuração de automação para resposta rápida a incidentes de segurança críticos.;4
28;Catálogo de Serviços de T.I.  CSTI_Wazuh;Consultoria para Expansão e Escalabilidade do Wazuh: Planejamento de expansão e otimização de escalabilidade para suportar crescimento futuro.;4
29;Catálogo de Serviços de T.I.  CSTI_Wazuh;Configuração de Alertas e Notificações Avançadas: Configuração de alertas customizados e integração com ferramentas de notificação, como Slack e email.;3
30;Catálogo de Serviços de T.I.  CSTI_Wazuh;Customização de Interface e Visualizações: Ajustes na interface do Wazuh e criação de visualizações específicas para monitoramento e análise.;3
31;Catálogo de Serviços de T.I.  CSTI_Wazuh;Configuração de Certificados e Segurança de Conexões: Implementação de certificados SSL/TLS para assegurar comunicação segura entre componentes.;3
32;Catálogo de Serviços de T.I.  CSTI_Wazuh;Desenvolvimento de Auditorias de Segurança: Criação de auditorias periódicas e relatórios para monitorar atividades e responder a padrões suspeitos.;4
33;Catálogo de Serviços de T.I.  CSTI_Wazuh;Gerenciamento de Incidentes de Segurança Avançados: Diagnóstico e resolução de incidentes complexos, incluindo análise de logs e resposta a ameaças.;5
34;Catálogo de Serviços de T.I.  CSTI_Wazuh;Diagnóstico de Performance e Otimização: Ajuste avançado de configurações para otimizar o desempenho do Wazuh em ambientes de alta demanda.;4
35;Catálogo de Serviços de T.I.  CSTI_Wazuh;Criação e ajuste de alertas avançados para detecção de eventos críticos, como alterações de integridade de arquivos, falhas de autenticação em massa e atividades suspeitas.;2
36;Catálogo de Serviços de T.I.  CSTI_Wazuh;Integração de alertas com sistemas de notificação, como Slack e sistemas de SIEM, para uma resposta mais eficiente.;4
37;Catálogo de Serviços de T.I.  CSTI_Wazuh;Ativação de alertas básicos no Wazuh, incluindo notificações para eventos comuns, como falhas de login e mudanças de configuração.;4
38;Catálogo de Serviços de T.I.  CSTI_Wazuh;Configuração de alertas via email ou outros canais básicos para monitoramento de atividades suspeitas.;4
39;Catálogo de Serviços de T.I.  CSTI_Wazuh;Desenvolvimento e implementação de regras personalizadas de detecção para atender a requisitos específicos de segurança e conformidade;4
40;Catálogo de Serviços de T.I.  CSTI_Wazuh;Ajuste de regras do Wazuh para melhorar a precisão dos alertas, minimizando falsos positivos.;2
41;Catálogo de Serviços de T.I.  CSTI_Wazuh;Implementação de políticas de segurança avançadas, como controle de acesso baseado em funções (RBAC) para restrição de permissões.;4
42;Catálogo de Serviços de T.I.  CSTI_Wazuh;Ajuste de configurações de segurança e autenticação para garantir a conformidade com normas de segurança.;3
43;Catálogo de Serviços de T.I.  CSTI_Wazuh;Configuração de backups regulares para dados do Wazuh e Elasticsearch, incluindo rotinas de retenção de dados e recuperação.;5
44;Catálogo de Serviços de T.I.  CSTI_Wazuh;Desenvolvimento de scripts para automação de tarefas complexas, como implantação de novos agentes e configuração de regras de detecção.;6
45;Catálogo de Serviços de T.I.  CSTI_Wazuh;Criação de regras personalizadas complexas para atender a requisitos específicos de segurança, como monitoramento de conformidade e resposta a ameaças em tempo real;4
46;Catálogo de Serviços de T.I.  CSTI_Wazuh;Ajuste de regras para detecção de eventos críticos e ajuste de parâmetros para minimizar falsos positivos e falsos negativos.;3
47;Catálogo de Serviços de T.I.  CSTI_Wazuh;Desenvolvimento de políticas robustas de backup e recuperação de desastres para o Wazuh e Elasticsearch, garantindo a continuidade dos serviços.;4
48;Catálogo de Serviços de T.I.  CSTI_Wazuh;Criação de scripts complexos para automação completa de fluxos de trabalho de segurança e monitoramento, usando Bash, Python ou outras linguagens de script.;5
49;Catálogo de Serviços de T.I.  CSTI_Wazuh;Análise e planejamento de expansão do ambiente Wazuh para suportar crescimento e necessidades futuras da organização.;2
50;Catálogo de Serviços de T.I.  CSTI_Wazuh;Consultoria para otimizar o ambiente para escalabilidade, incluindo recomendações de infraestrutura e reconfigurações.;2
51;Catálogo de Serviços de T.I.  CSTI_Rundeck;Planejamento de Arquitetura de Automação com Rundeck: Definição da arquitetura ideal, incluindo clusters de alta disponibilidade e segurança.;5
52;Catálogo de Serviços de T.I.  CSTI_Rundeck;Configuração Avançada de Plugins e Integrações: Instalação e configuração de plugins customizados para integração com ferramentas como Ansible, Kubernetes e CI/CD.;4
53;Catálogo de Serviços de T.I.  CSTI_Rundeck;Desenvolvimento de Scripts e Automação Customizada: Criação de scripts para tarefas complexas de automação, incluindo manutenção e provisionamento.;4
54;Catálogo de Serviços de T.I.  CSTI_Rundeck;Implementação de Pipeline de CI/CD Completo: Configuração de integração com ferramentas de CI/CD, como Jenkins e GitLab CI, para automação contínua.;5
55;Catálogo de Serviços de T.I.  CSTI_Rundeck;Customização e Criação de Plugins: Desenvolvimento de plugins sob demanda para atender a necessidades específicas de automação e integração.;5
56;Catálogo de Serviços de T.I.  CSTI_Rundeck;Configuração de Backup e Recuperação de Desastres: Desenvolvimento de políticas de backup e recuperação para assegurar continuidade de operações em falhas.;4
57;Catálogo de Serviços de T.I.  CSTI_Rundeck;Planejamento e Configuração de Alta Disponibilidade: Implementação de alta disponibilidade com failover para minimizar interrupções do Rundeck.;5
58;Catálogo de Serviços de T.I.  CSTI_Rundeck;Otimização e Monitoramento de Performance: Ajustes de sistema e monitoramento para maximizar o desempenho do Rundeck em ambientes de alta demanda.;4
59;Catálogo de Serviços de T.I.  CSTI_Rundeck;Consultoria para Expansão e Escalabilidade: Planejamento de expansão do ambiente Rundeck para suportar crescimento e aumentar a resiliência.;4
60;Catálogo de Serviços de T.I.  CSTI_Rundeck;Desenvolvimento de Customizações de Interface e API: Ajustes na interface e implementação de integrações API para melhorar a experiência e automação.;3
61;Catálogo de Serviços de T.I.  CSTI_Rundeck;Implementação de Controles de Acesso Avançados: Configuração de políticas de RBAC e compliance para garantir segurança e controle de acesso no Rundeck.;4
62;Catálogo de Serviços de T.I.  CSTI_Rundeck;Gerenciamento de Certificados e Segurança de Conexões: Implementação de certificados SSL/TLS para garantir comunicações seguras entre nodes e a interface do Rundeck.;3
63;Catálogo de Serviços de T.I.  CSTI_Rundeck;Consultoria para Integração com Ferramentas de Monitoramento: Configuração de integração do Rundeck com ferramentas de monitoramento para gestão de eventos críticos.;3
64;Catálogo de Serviços de T.I.  CSTI_Rundeck;Desenvolvimento de Auditorias e Relatórios de Compliance: Implementação de auditoria e relatórios personalizados para atender a requisitos de compliance e segurança.;4
65;Catálogo de Serviços de T.I.  CSTI_Rundeck;Diagnóstico de Erros Complexos e Recuperação: Investigação e solução de problemas críticos ou complexos que afetam o funcionamento do Rundeck.;5
66;Catálogo de Serviços de T.I.  CSTI_Rundeck;Instalação e configuração de plugins adicionais, como plugins para integração com Ansible, Kubernetes ou outros sistemas.;1
67;Catálogo de Serviços de T.I.  CSTI_Rundeck;Configuração de políticas avançadas de backup para os dados e configurações do Rundeck, incluindo backup incremental e rotinas de retenção de dados.;2
68;Catálogo de Serviços de T.I.  CSTI_Rundeck;Configuração e ajustes de alertas avançados e notificações, incluindo integração com sistemas externos de alerta, como Slack, email, ou sistemas de monitoramento.;2
69;Catálogo de Serviços de T.I.  CSTI_Rundeck;Configuração e ajuste avançado de políticas de segurança, incluindo controle de acesso baseado em funções (RBAC) para limitar as permissões dos usuários.;2
70;Catálogo de Serviços de T.I.  CSTI_Rundeck;Configuração avançada de integração com ferramentas de CI/CD, como Jenkins, GitLab CI, e Ansible Tower, para automação contínua e orquestração de deployments.;6
71;Catálogo de Serviços de T.I.  CSTI_Rundeck;Desenvolvimento de pipelines complexos para automação completa de fluxos de trabalho de build, teste e deployment.;4
72;Catálogo de Serviços de T.I.  CSTI_Rundeck;Documentação dos pipelines e escalonamento de configurações complexas de CI/CD.;2
73;Catálogo de Serviços de T.I.  CSTI_Rundeck;Planejamento e configuração de políticas de backup e recuperação de desastres para garantir a continuidade das operações do Rundeck em caso de falhas.;4
74;Catálogo de Serviços de T.I.  CSTI_Rundeck;Configuração de backups incrementais, snapshots e recuperação rápida de configurações e dados críticos.;2
75;Catálogo de Serviços de T.I.  CSTI_Rundeck;Documentação e validação dos processos de recuperação de desastres.;2
76;Catálogo de Serviços de T.I.  CSTI_Rundeck;Criação e automação de fluxos de trabalho complexos, incluindo provisionamento de infraestrutura, usando ferramentas como Ansible, Chef ou Terraform.;4
77;Catálogo de Serviços de T.I.  CSTI_Rundeck;Desenvolvimento de scripts e jobs automatizados para tarefas críticas de manutenção, monitoramento e provisionamento de infraestrutura.;4
78;Catálogo de Serviços de T.I.  CSTI_Rundeck;Documentação e monitoramento contínuo de automação para garantir consistência.;2
79;Catálogo de Serviços de T.I.  CSTI_Rundeck;Implementação de alta disponibilidade para o Rundeck, configurando failover e balanceamento de carga para garantir resiliência do sistema.;4
80;Catálogo de Serviços de T.I.  CSTI_Rundeck;Desenvolvimento de customizações na interface do Rundeck para adaptá-la às necessidades da organização, incluindo mudanças na visualização de logs e dashboards.;4
81;Catálogo de Serviços de T.I.  CSTI_Rundeck;Implementação de chamadas à API do Rundeck para integração com sistemas de monitoramento e gerenciamento de eventos.;3
82;Catálogo de Serviços de T.I.  CSTI_Rundeck;Análise e planejamento de expansão do ambiente Rundeck para suportar crescimento e necessidades futuras da organização.;2
83;Catálogo de Serviços de T.I.  CSTI_Rundeck;Consultoria para otimizar o ambiente para escalabilidade, incluindo recomendações de infraestrutura e reconfigurações.;2
84;Catálogo de Serviços de T.I.  CSTI_Proxmox;Planejamento de Arquitetura de Cluster Proxmox: Definição da arquitetura ideal de cluster, incluindo configuração de alta disponibilidade e otimização de recursos.;5
85;Catálogo de Serviços de T.I.  CSTI_Proxmox;Implementação de Rede Avançada: Configuração de VLANs, bridges e firewall para otimizar a conectividade e segurança das VMs no Proxmox.;4
86;Catálogo de Serviços de T.I.  CSTI_Proxmox;Customização e Compilação do Kernel: Desenvolvimento de um kernel customizado para suportar requisitos específicos de hardware ou segurança avançada.;5
87;Catálogo de Serviços de T.I.  CSTI_Proxmox;Configuração de Storage Distribuído (Ceph/ZFS): Planejamento e configuração de storage distribuído para melhorar a redundância e performance do ambiente.;5
88;Catálogo de Serviços de T.I.  CSTI_Proxmox;Integração com Ferramentas de Automação: Implementação de playbooks e pipelines usando Ansible ou Terraform para automação de provisionamento e gerenciamento.;4
89;Catálogo de Serviços de T.I.  CSTI_Proxmox;Implementação de Auditoria e Compliance de Segurança: Configuração de monitoramento e auditoria contínuos para garantir conformidade com as políticas de segurança.;4
90;Catálogo de Serviços de T.I.  CSTI_Proxmox;Planejamento de Estratégias de Backup e Recuperação de Desastres: Desenvolvimento de políticas de backup robustas e planos de recuperação para garantir a continuidade dos negócios.;4
91;Catálogo de Serviços de T.I.  CSTI_Proxmox;Otimização de Performance do Ambiente: Ajustes avançados em configurações de CPU, memória e rede para suportar ambientes de alta demanda.;5
92;Catálogo de Serviços de T.I.  CSTI_Proxmox;Implementação de Monitoramento e Logging Centralizados: Integração com ferramentas de monitoramento para visibilidade e gerenciamento de eventos críticos no Proxmox.;3
93;Catálogo de Serviços de T.I.  CSTI_Proxmox;Consultoria para Expansão e Escalabilidade: Planejamento de expansão do cluster e suporte para escalabilidade com mínima interrupção das operações.;4
94;Catálogo de Serviços de T.I.  CSTI_Proxmox;Configuração de Alta Disponibilidade para VMs Críticas: Implementação de políticas de failover e configuração de alta disponibilidade para VMs essenciais no ambiente.;5
95;Catálogo de Serviços de T.I.  CSTI_Proxmox;Gerenciamento de Snapshot e Controle de Versão: Implementação de políticas de snapshots e controle de versão para garantir a recuperação rápida e segurança dos dados das VMs.;3
96;Catálogo de Serviços de T.I.  CSTI_Proxmox;Desenvolvimento de Scripts de Automação Customizados: Criação de scripts para tarefas de manutenção e configuração, otimizando a eficiência operacional do Proxmox.;4
97;Catálogo de Serviços de T.I.  CSTI_Proxmox;Planejamento de Migração para Proxmox: Consultoria para migração de outros hypervisores para o Proxmox, incluindo avaliação de compatibilidade e estratégias de transferência de dados.;5
98;Catálogo de Serviços de T.I.  CSTI_Proxmox;Análise de Logs e Diagnóstico de Falhas Complexas: Investigação de logs e diagnóstico de falhas avançadas para identificar e resolver problemas críticos no Proxmox.;4
99;Catálogo de Serviços de T.I.  CSTI_Proxmox;Desenvolvimento e execução de scripts para automatizar tarefas de manutenção e monitoramento do Proxmox, utilizando ferramentas como Bash e Python.;5
100;Catálogo de Serviços de T.I.  CSTI_Proxmox;Implementação de rotinas de auditoria para monitorar acessos e ações críticas no ambiente Proxmox.;1
101;Catálogo de Serviços de T.I.  CSTI_Proxmox;Ajuste de parâmetros avançados de kernel para otimização de desempenho em ambientes de alta carga, como tuning de swappiness, fs.file-max e net.core.somaxconn.;2
102;Catálogo de Serviços de T.I.  CSTI_Proxmox;Configuração de políticas de prioridade de CPU e memória para melhorar o desempenho de VMs críticas.;2
103;Catálogo de Serviços de T.I.  CSTI_Proxmox;Documentação de mudanças e validação de impactos no desempenho do ambiente.;1
104;Catálogo de Serviços de T.I.  CSTI_Proxmox;Configuração de clusters de alta disponibilidade com recursos como fencing e failover, garantindo a continuidade dos serviços em caso de falha de componentes.;5
105;Catálogo de Serviços de T.I.  CSTI_Proxmox;Teste e ajuste de políticas de failover e recuperação automática para maximizar a resiliência do ambiente.;1
106;Catálogo de Serviços de T.I.  CSTI_Proxmox;Documentação detalhada do setup de alta disponibilidade e escalonamento de problemas críticos.;2
107;Catálogo de Serviços de T.I.  CSTI_Proxmox;Análise e recomendação de estratégias de expansão do ambiente Proxmox para suportar um crescimento contínuo e sustentável.;3
108;Catálogo de Serviços de T.I.  CSTI_Proxmox;Planejamento de upgrades de infraestrutura e avaliação de impacto para garantir escalabilidade sem comprometer o desempenho.;5
109;Catálogo de Serviços de T.I.  CSTI_Proxmox;Documentação e validação das recomendações para garantir a consistência e o alinhamento com os objetivos do cliente.;1
110;Catálogo de Serviços de T.I.  CSTI_Proxmox;Planejamento e implementação de políticas de backup e recuperação de desastres robustas, incluindo recuperação de sites e failover.;3
111;Catálogo de Serviços de T.I.  CSTI_Proxmox;Configuração de backups incrementais, snapshots e recuperação rápida para minimizar o impacto de falhas.;2
112;Catálogo de Serviços de T.I.  CSTI_Proxmox;Teste e documentação de procedimentos de recuperação de desastres para garantir a continuidade dos negócios.;3
113;Catálogo de Serviços de T.I.  CSTI_nginx;Instalação completa do NGINX Open Source em ambientes Linux, com configuração inicial de serviço, validação de execução e ajustes nos diretórios padrão.;2
114;Catálogo de Serviços de T.I.  CSTI_nginx;Configuração de proxy reverso para redirecionamento de requisições HTTP/HTTPS a servidores backend, com ajustes de headers e timeout básico.;2
115;Catálogo de Serviços de T.I.  CSTI_nginx;Personalização dos logs de acesso e erro, com definição de novos formatos, inclusão de campos úteis e preparação para análise automatizada.;3
116;Catálogo de Serviços de T.I.  CSTI_nginx;Automatização da emissão e renovação de certificados SSL via Let’s Encrypt, com integração ao NGINX e validação periódica dos domínios.;3
117;Catálogo de Serviços de T.I.  CSTI_nginx;Implementação de proxy reverso para arquitetura de microserviços ou APIs REST, com controle de headers, autenticação e reescrita de rotas.;4
118;Catálogo de Serviços de T.I.  CSTI_nginx;Ajustes finos de performance do NGINX com tuning de buffers, workers, limites de corpo de requisição e controle de conexões simultâneas.;4
119;Catálogo de Serviços de T.I.  CSTI_nginx;Organização modular da configuração do NGINX com diretórios include, templates reutilizáveis e separação de ambientes para manutenção eficiente.;3
120;Catálogo de Serviços de T.I.  CSTI_nginx;Integração do NGINX com pipelines CI/CD para deploy contínuo de configurações, utilizando ferramentas como GitLab CI, Jenkins ou Ansible.;4
121;Catálogo de Serviços de T.I.  CSTI_nginx;Criação de políticas de segurança avançadas com bloqueios por geolocalização, user-agent, listas negras e controle de URLs sensíveis.;3
122;Catálogo de Serviços de T.I.  CSTI_nginx;Implementação de proteção contra DDoS de camada 7 com estratégias baseadas em limitação de requisições e delays progressivos.;4
123;Catálogo de Serviços de T.I.  CSTI_nginx;Integração do NGINX com sistemas de cache distribuído, como Redis, para entrega rápida de conteúdo e balanceamento inteligente entre camadas.;4
124;Catálogo de Serviços de T.I.  CSTI_nginx;Habilitação de suporte ao protocolo HTTP/2 e configuração de parâmetros para desempenho otimizado em conexões multiplexadas.;3
125;Catálogo de Serviços de T.I.  CSTI_nginx;Preparação do NGINX para suporte a HTTP/3 (QUIC), com ajustes de ambiente, bibliotecas e validação de compatibilidade do cliente.;4
126;Catálogo de Serviços de T.I.  CSTI_nginx;Configuração de autenticação por certificado de cliente ou integração com sistemas de identidade (LDAP, SSO, OAuth2).;5
127;Catálogo de Serviços de T.I.  CSTI_nginx;Ativação e configuração de suporte a WebSockets para aplicações que exigem comunicação bidirecional em tempo real.;3
128;Catálogo de Serviços de T.I.  CSTI_nginx;Criação de regras anti-bot e mecanismos de detecção de comportamentos suspeitos, com validação por cookies ou redirecionamentos inteligentes.;4
129;Catálogo de Serviços de T.I.  CSTI_nginx;Otimização de compressão de conteúdo com ajustes em gzip, brotli e diretivas de cache para máxima economia de banda.;2
130;Catálogo de Serviços de T.I.  CSTI_nginx;Integração do NGINX com ferramentas de monitoramento como Prometheus, Zabbix ou Grafana, utilizando logs, métricas e exportadores.;3
131;Catálogo de Serviços de T.I.  CSTI_nginx;Implementação de verificações de saúde personalizadas para upstreams, garantindo maior resiliência e roteamento inteligente de requisições.;3
132;Catálogo de Serviços de T.I.  CSTI_nginx;Configuração de estratégias de blue-green deployment ou canary release com base em regras de roteamento e headers.;5
133;Catálogo de Serviços de T.I.  CSTI_nginx;Ativação do suporte a gRPC no NGINX, com configuração de proxies binários, validação de headers e integração com aplicações backend.;4
134;Catálogo de Serviços de T.I.  CSTI_nginx;Desenvolvimento de playbooks Ansible para provisionamento automático de servidores NGINX e replicação de configurações entre ambientes.;4
135;Catálogo de Serviços de T.I.  CSTI_nginx;Implementação de balanceamento de carga entre múltiplos servidores de aplicação, com definição de política de distribuição e failover simples.;3
136;Catálogo de Serviços de T.I.  CSTI_nginx;Configuração completa de HTTPS com certificados SSL/TLS, incluindo instalação, ativação no servidor e reforço de segurança com ciphers atualizados.;3
137;Catálogo de Serviços de T.I.  CSTI_nginx;Criação de regras de cache para conteúdo estático com controle de expiração, validação de cache e reaproveitamento de recursos em disco.;3
138;Catálogo de Serviços de T.I.  CSTI_nginx;Configuração de proxy cache avançado com diretivas de controle de validade, revalidação condicional e otimização da entrega de conteúdo dinâmico.;4
139;Catálogo de Serviços de T.I.  CSTI_nginx;Desenvolvimento de regras de redirecionamento e reescrita de URLs, com foco em SEO, compatibilidade de rotas e simplificação de paths de acesso.;2
140;Catálogo de Serviços de T.I.  CSTI_nginx;Implementação de headers HTTP de segurança como HSTS, X-Frame-Options, Content-Security-Policy e outros mecanismos de proteção contra ataques.;2
141;Catálogo de Serviços de T.I.  CSTI_nginx;Integração do NGINX com um Web Application Firewall baseado em ModSecurity, incluindo regras básicas de proteção e testes de funcionalidade.;4
142;Catálogo de Serviços de T.I.  CSTI_nginx;Criação de políticas de rate limiting para limitar conexões por IP ou rota, mitigando abusos, bots e ataques de força bruta com regras controladas.;3
143;Catálogo de Serviços de T.I.  CSTI_nginx;Planejamento e implantação de ambiente de alta disponibilidade com NGINX, utilizando Keepalived ou DNS balancing para redundância e failover.;5
144;Catálogo de Serviços de T.I.  CSTI_MySQL;Instalação completa do MySQL Open Source em ambiente Linux, com configuração inicial, definição de diretórios de dados e testes de conectividade local.;8
145;Catálogo de Serviços de T.I.  CSTI_MySQL;Criação de banco de dados com estrutura inicial de tabelas, collation e engine personalizada, validando compatibilidade com a aplicação.;4
146;Catálogo de Serviços de T.I.  CSTI_MySQL;Criação e gerenciamento de usuários com permissões específicas, segregando acessos por base, IP ou tipo de operação permitida.;2
147;Catálogo de Serviços de T.I.  CSTI_MySQL;Configuração de acesso remoto ao banco de dados, com ajustes em bind-address, firewall e privilégios de conexão para IPs autorizados.;2
148;Catálogo de Serviços de T.I.  CSTI_MySQL;Implementação de política de senha forte, expirável e controle de tentativas de login para reforço da segurança de autenticação no MySQL.;3
149;Catálogo de Serviços de T.I.  CSTI_MySQL;Criação de rotinas de backup utilizando mysqldump ou mysqlpump, com agendamento via cron, compressão dos arquivos e armazenamento seguro.;3
150;Catálogo de Serviços de T.I.  CSTI_MySQL;Configuração de backup binário com mysqlbinlog, garantindo integridade ponto-a-ponto das transações e restauração granular.;4
151;Catálogo de Serviços de T.I.  CSTI_MySQL;Implementação de replicação Master-Slave com configuração de binlogs, canal de replicação, verificação de integridade e failover básico.;4
152;Catálogo de Serviços de T.I.  CSTI_MySQL;Criação de réplicas de leitura para balanceamento de carga entre múltiplas instâncias e otimização da performance em aplicações críticas.;4
153;Catálogo de Serviços de T.I.  CSTI_MySQL;Implementação de monitoramento de performance com performance_schema, INFORMATION_SCHEMA e integração com ferramentas como Zabbix ou Prometheus.;3
154;Catálogo de Serviços de T.I.  CSTI_MySQL;Otimização de queries e estrutura de tabelas com análise via EXPLAIN, criação ou ajuste de índices e revisão de joins ineficientes.;4
155;Catálogo de Serviços de T.I.  CSTI_MySQL;Configuração de políticas de slow_query_log para captura e análise de queries lentas, com recomendação de melhorias.;2
156;Catálogo de Serviços de T.I.  CSTI_MySQL;Definição de engine de armazenamento (InnoDB, MyISAM, MEMORY) por tipo de carga e necessidade de consistência, com justificativas técnicas.;2
157;Catálogo de Serviços de T.I.  CSTI_MySQL;Planejamento e execução de migração de bases de dados entre servidores MySQL, com checagem de integridade e downtime mínimo.;4
158;Catálogo de Serviços de T.I.  CSTI_MySQL;Criação de procedures, triggers e views com documentação, versionamento e validação funcional para automatização de lógicas repetitivas.;3
159;Catálogo de Serviços de T.I.  CSTI_MySQL;Configuração de variáveis de ambiente e parâmetros no my.cnf para tuning de performance de leitura, escrita e cache.;3
160;Catálogo de Serviços de T.I.  CSTI_MySQL;Criação de estratégia de recuperação de desastres com múltiplas cópias de backup, teste de restore e documentação de procedimentos.;5
161;Catálogo de Serviços de T.I.  CSTI_MySQL;Configuração de autenticação por plugin externo (ex: LDAP ou PAM), com integração ao diretório corporativo e auditoria de logins.;4
162;Catálogo de Serviços de T.I.  CSTI_MySQL;Implementação de replicação multi-source com controle de conflitos de ID, canais independentes e verificação de integridade entre origens.;5
163;Catálogo de Serviços de T.I.  CSTI_MySQL;Criação de modelo lógico de banco relacional com diagrama ER (Entidade-Relacionamento), normalização e documentação técnica.;4
164;Catálogo de Serviços de T.I.  CSTI_MySQL;Configuração de partições em tabelas com grande volume de dados, para melhorar performance e manutenção dos dados históricos.;4
165;Catálogo de Serviços de T.I.  CSTI_MySQL;Habilitação e configuração de InnoDB Compression para otimização de espaço em disco e redução de I/O.;3
166;Catálogo de Serviços de T.I.  CSTI_MySQL;Criação de ambiente isolado para testes de performance ou homologação, com cópia parcial da base de produção mascarada.;3
167;Catálogo de Serviços de T.I.  CSTI_MySQL;Configuração de audit log plugin para rastreamento detalhado de operações realizadas por usuários no banco de dados.;4
168;Catálogo de Serviços de T.I.  CSTI_MySQL;Configuração de Galera Cluster com três nós para alta disponibilidade e escrita síncrona, incluindo instalação de pacotes e sincronização dos nós.;5
169;Catálogo de Serviços de T.I.  CSTI_MySQL;Implementação de estratégia de archiving automatizado, com remoção controlada de dados antigos e armazenamento em base auxiliar.;4
170;Catálogo de Serviços de T.I.  CSTI_MySQL;Criação de scripts personalizados em Bash ou Python para automação de tarefas administrativas, como backups, checagens ou alertas.;3
171;Catálogo de Serviços de T.I.  CSTI_MySQL;Integração do MySQL com pipeline de deploy via Ansible, Puppet ou Terraform, com versionamento de configurações e controle de mudanças.;4
172;Catálogo de Serviços de T.I.  CSTI_MySQL;Planejamento e execução de atualização de versão do MySQL, com testes prévios de compatibilidade e rollback documentado.;5
173;Catálogo de Serviços de T.I.  CSTI_MySQL;Geração de relatório técnico de auditoria do ambiente, com análise de performance, segurança, backup e sugestões de melhoria contínua.;4
174;Catálogo de Serviços de T.I.  CSTI_Linux;Planejamento de Arquitetura para Imagem Customizada: Análise e definição da arquitetura ideal para a imagem, incluindo seleção de pacotes, configuração de segurança e automação de instalação.;5
175;Catálogo de Serviços de T.I.  CSTI_Linux;Configuração de Repositórios e Gerenciamento de Pacotes: Definição de repositórios seguros e confiáveis, ajustes de pacotes necessários, e configuração para atualizações automatizadas.;3
176;Catálogo de Serviços de T.I.  CSTI_Linux;Implementação de Scripts de Automação: Desenvolvimento de scripts de automação para tarefas de instalação e configuração usando Bash, Python ou Ansible, garantindo consistência e rapidez no deploy.;4
177;Catálogo de Serviços de T.I.  CSTI_Linux;Otimização de Performance do Sistema: Análise e ajustes em parâmetros de kernel, memória, CPU e rede para otimizar o desempenho e atender a requisitos específicos do ambiente.;5
178;Catálogo de Serviços de T.I.  CSTI_Linux;Configuração de Soluções de Alta Disponibilidade: Implementação de alta disponibilidade para serviços críticos na imagem, garantindo redundância e minimizando o downtime em ambientes corporativos.;5
179;Catálogo de Serviços de T.I.  CSTI_Linux;Implementação de Políticas de Segurança e Hardening: Aplicação de políticas avançadas de segurança, incluindo configurações de firewall, desativação de serviços desnecessários e configuração de SELinux/AppArmor.;4
180;Catálogo de Serviços de T.I.  CSTI_Linux;Planejamento e Configuração de Backups: Desenvolvimento de estratégia de backup e recuperação de dados, incluindo backup incremental, agendamentos automáticos e verificação de integridade dos backups.;3
181;Catálogo de Serviços de T.I.  CSTI_Linux;Desenvolvimento de Rotinas de Monitoramento e Logging: Configuração de monitoramento de performance e coleta de logs, integrando com ferramentas externas para acompanhamento contínuo de saúde do sistema.;4
182;Catálogo de Serviços de T.I.  CSTI_Linux;Implementação de Soluções de Virtualização e Containers: Configuração de ambientes virtuais ou de contêineres para suportar múltiplas instâncias e facilitar a escalabilidade de aplicações no Ubuntu.;5
183;Catálogo de Serviços de T.I.  CSTI_Linux;Configuração de Certificados de Segurança e Conexões Seguras: Implementação de certificados SSL/TLS para serviços web e SSH, garantindo comunicações seguras e conformidade com normas de segurança.;3
184;Catálogo de Serviços de T.I.  CSTI_Linux;Customização de Interface para Usuários Finais: Ajustes na interface do sistema, como personalização de desktop e aplicativos, para ambientes onde a usabilidade para o usuário final é essencial.;4
185;Catálogo de Serviços de T.I.  CSTI_Linux;Implementação de Estratégias de Compliance: Configuração e auditoria de logs e atividades para atender a normas regulatórias, com geração de relatórios automáticos e armazenamento seguro.;4
186;Catálogo de Serviços de T.I.  CSTI_Linux;Desenvolvimento de Relatórios de Auditoria de Segurança: Criação de relatórios detalhados de auditoria, com análise de eventos e compliance de segurança, atendendo aos requisitos de governança corporativa.;4
187;Catálogo de Serviços de T.I.  CSTI_Linux;Configuração de Pipeline de Atualizações e Testes: Desenvolvimento de uma pipeline CI/CD para testar e implementar atualizações da imagem, garantindo compatibilidade e minimizando impacto no ambiente de produção.;5
188;Catálogo de Serviços de T.I.  CSTI_Linux;Consultoria para Integração com Ferramentas de Gerenciamento de Configuração: Suporte para integração da imagem com ferramentas como Puppet, Chef ou Ansible, para controle e versionamento de configurações.;4
189;Catálogo de Serviços de T.I.  CSTI_Linux;Revisão e aplicação de práticas recomendadas para o reforço de segurança, como desabilitar contas de login desnecessárias e modificar políticas de autenticação.;2
190;Catálogo de Serviços de T.I.  CSTI_Linux;Aplicação de atualizações e patches críticos de segurança, incluindo a realização de backups antes da atualização e validação de versões compatíveis.;4
191;Catálogo de Serviços de T.I.  CSTI_Linux;Desenvolvimento e ajuste de scripts para automação de tarefas recorrentes de manutenção e monitoramento, utilizando Bash, Python, ou ferramentas de automação.;2
192;Catálogo de Serviços de T.I.  CSTI_Linux;Configuração de políticas de backup avançadas, incluindo estratégias de backup incremental e diferencial, com verificação periódica de integridade dos dados.;4
193;Catálogo de Serviços de T.I.  CSTI_Linux;Desenvolvimento de scripts customizados para automação de processos de backup e recuperação em ambientes críticos.;2
194;Catálogo de Serviços de T.I.  CSTI_Linux;Criação e gerenciamento de clusters de alta disponibilidade para serviços críticos, garantindo que o sistema possa operar sem interrupções.;4
195;Catálogo de Serviços de T.I.  CSTI_Linux;Desenvolvimento e implementação de scripts e playbooks avançados usando ferramentas de IaC, como Ansible, Terraform e Puppet, para provisionamento automatizado de servidores e infraestrutura.;4
196;Catálogo de Serviços de T.I.  CSTI_Linux;Criação de pipelines de CI/CD para atualização e monitoramento contínuos de configurações e políticas de segurança na imagem.;5
197;Catálogo de Serviços de T.I.  CSTI_Linux;Implementação de customizações avançadas na imagem do Linux Ubuntu 22.04 para integração com sistemas de terceiros, conforme necessidades específicas dos clientes.;6
198;Catálogo de Serviços de T.I.  CSTI_Linux;Configuração de integrações de software corporativo, como agentes de monitoramento, software de segurança e ferramentas de backup.;4
199;Catálogo de Serviços de T.I.  CSTI_Kubernetes;Planejamento e Arquitetura de Cluster Kubernetes: Definição da arquitetura ideal para o cluster Kubernetes, incluindo a escolha de nodes, rede e armazenamento, visando otimizar desempenho, segurança e escalabilidade.;6
200;Catálogo de Serviços de T.I.  CSTI_Kubernetes;Otimização de Performance do Cluster Kubernetes: Consultoria para analisar e ajustar a configuração do Kubernetes e seus componentes (pods, nodes, serviços), visando melhorar a performance do cluster em ambientes de alta carga.;7
201;Catálogo de Serviços de T.I.  CSTI_Kubernetes;Configuração de Políticas de Rede (Network Policies): Consultoria para configurar e otimizar políticas de rede no Kubernetes, incluindo controle de tráfego entre pods, segurança de comunicação e gestão de namespaces.;5
202;Catálogo de Serviços de T.I.  CSTI_Kubernetes;Gestão e Segurança de Secrets no Kubernetes: Consultoria sobre como armazenar, gerenciar e proteger dados sensíveis como credenciais e tokens utilizando Kubernetes Secrets.;4
203;Catálogo de Serviços de T.I.  CSTI_Kubernetes;Configuração de Alta Disponibilidade (HA) no Kubernetes: Planejamento e implementação de um ambiente de alta disponibilidade para o cluster Kubernetes, incluindo failover automático, balanceamento de carga e configuração de múltiplos masters.;8
204;Catálogo de Serviços de T.I.  CSTI_Kubernetes;Planejamento de Backup e Recuperação de Desastres para Kubernetes: Desenvolvimento de estratégias de backup de dados e configuração de ferramentas de recuperação de desastres para garantir a continuidade dos serviços em caso de falha no cluster.;6
205;Catálogo de Serviços de T.I.  CSTI_Kubernetes;Ajustes e Configuração de Persistência de Dados no Kubernetes: Consultoria para a implementação de armazenamento persistente no Kubernetes, incluindo configuração de volumes e a integração com soluções de armazenamento.;5
206;Catálogo de Serviços de T.I.  CSTI_Kubernetes;Implementação de Estratégias de Escalonamento Automático (HPA e Cluster Autoscaler): Consultoria para configurar o escalonamento automático de pods e clusters no Kubernetes, garantindo que o sistema se ajuste conforme a carga de trabalho.;7
207;Catálogo de Serviços de T.I.  CSTI_Kubernetes;Configuração de Monitoramento e Logging para Kubernetes: Consultoria para configurar sistemas de monitoramento e logging no Kubernetes para otimizar o rastreamento de métricas, desempenho e logs de eventos críticos.;5
208;Catálogo de Serviços de T.I.  CSTI_Kubernetes;Auditoria e Melhoria de Políticas de Segurança no Kubernetes: Consultoria para revisar as políticas de segurança do cluster Kubernetes, implementar controles de acesso baseados em RBAC e aplicar boas práticas de segurança.;6
209;Catálogo de Serviços de T.I.  CSTI_Kubernetes;Implementação de Estratégias de Networking Avançado no Kubernetes: Consultoria para a configuração de redes complexas, como redes de overlay, VPCs customizadas e gerenciamento de tráfego entre clusters no Kubernetes.;6
210;Catálogo de Serviços de T.I.  CSTI_Kubernetes;Auditoria e Diagnóstico de Performance de Aplicações no Kubernetes: Análise detalhada da performance de aplicações e serviços no Kubernetes, identificando gargalos de recursos e propondo soluções de otimização.;7
211;Catálogo de Serviços de T.I.  CSTI_Kubernetes;Configuração e Otimização de Ingress Controllers no Kubernetes: Consultoria para configurar e otimizar Ingress Controllers, garantindo acesso externo eficiente e seguro aos serviços no Kubernetes.;5
212;Catálogo de Serviços de T.I.  CSTI_Kubernetes;Gerenciamento e Monitoramento de Nodes no Kubernetes: Consultoria para monitorar e otimizar a saúde dos nodes no cluster Kubernetes, incluindo a gestão de logs, alertas e ações corretivas em caso de falhas.;5
213;Catálogo de Serviços de T.I.  CSTI_Kubernetes;Planejamento e Implementação de Atualizações e Upgrades no Kubernetes: Consultoria sobre melhores práticas para a atualização e migração de versões no Kubernetes, garantindo a continuidade do serviço e minimizando o downtime.;6
214;Catálogo de Serviços de T.I.  CSTI_Kubernetes;Implementação de Plano de Backup e Failover no Kubernetes: Desenvolvimento de estratégias para backup contínuo e failover, garantindo que os dados e serviços sejam recuperados rapidamente em caso de falha do cluster.;8
215;Catálogo de Serviços de T.I.  CSTI_Graylog;Planejamento de Arquitetura do Graylog: Análise e definição da arquitetura de implantação do Graylog em ambientes distribuídos, incluindo a configuração de clusters de Elasticsearch e MongoDB, e otimização de recursos para garantir alta disponibilidade e escalabilidade.;5
216;Catálogo de Serviços de T.I.  CSTI_Graylog;Configuração de Inputs Personalizados: Implementação de novos inputs no Graylog para ingestão de logs de diferentes fontes, como Syslog, GELF, Beats, e outros, com ajustes nas configurações de formatação e filtros para adequação aos requisitos de dados.;3
217;Catálogo de Serviços de T.I.  CSTI_Graylog;Criação de Dashboards Personalizados: Desenvolvimento de dashboards no Graylog Web Interface para visualização avançada de logs e métricas de diferentes fontes, com consultas e filtros otimizados para exibição de dados relevantes.;4
218;Catálogo de Serviços de T.I.  CSTI_Graylog;Otimização de Performance do Graylog: Análise e ajustes nas configurações do Graylog Server e Elasticsearch para otimizar a ingestão de logs, consumo de recursos e tempo de resposta das consultas, com foco em ambientes de alto volume de dados.;5
219;Catálogo de Serviços de T.I.  CSTI_Graylog;Criação de Pipelines de Processamento de Logs: Implementação de pipelines no Graylog para processamento avançado de logs, incluindo a extração de campos, normalização de dados e enriquecimento com informações de outras fontes.;4
220;Catálogo de Serviços de T.I.  CSTI_Graylog;Ajuste de Pipelines de Logs Existentes: Revisão e otimização de pipelines de processamento já configurados no Graylog, ajustando filtros, transformações e saídas para melhorar a eficiência no processamento e reduzir latências.;3
221;Catálogo de Serviços de T.I.  CSTI_Graylog;Implementação de Políticas de Retenção de Logs: Definição e configuração de políticas de retenção para garantir que logs sejam armazenados de forma eficiente e que dados antigos sejam arquivados ou excluídos conforme as normas de retenção e compliance.;3
222;Catálogo de Serviços de T.I.  CSTI_Graylog;Implementação de Alertas Avançados: Criação e otimização de alertas no Graylog para monitoramento proativo de falhas e eventos críticos nos logs, com configurações de notificação via email, Slack, ou outros canais de comunicação.;4
223;Catálogo de Serviços de T.I.  CSTI_Graylog;Integração de Graylog com Sistemas de SIEM: Consultoria para integrar o Graylog com outras plataformas de SIEM (Security Information and Event Management), como Splunk, para correlação de eventos de segurança e monitoramento centralizado de incidentes.;5
224;Catálogo de Serviços de T.I.  CSTI_Graylog;Planejamento e Execução de Atualizações do Graylog: Planejamento e execução de atualizações de versão do Graylog e seus componentes, incluindo a execução de testes pós-upgrade para garantir a compatibilidade e a continuidade dos serviços.;3
225;Catálogo de Serviços de T.I.  CSTI_Graylog;Configuração de Cluster de Alta Disponibilidade para Graylog: Implementação de clusters de alta disponibilidade para Graylog e Elasticsearch, garantindo a resiliência e a continuidade dos serviços em caso de falha de componentes críticos.;5
226;Catálogo de Serviços de T.I.  CSTI_Graylog;Configuração de Roles e Permissões no Graylog: Implementação de controle de acesso baseado em funções (RBAC) para garantir que os usuários do Graylog tenham acesso restrito aos dados e funcionalidades conforme as políticas de segurança da organização.;3
227;Catálogo de Serviços de T.I.  CSTI_Graylog;Implementação de Auditoria e Compliance de Logs: Consultoria para criar um sistema de auditoria e compliance para o Graylog, garantindo que todos os logs de eventos críticos sejam armazenados de acordo com as normas de segurança e regulatórias.;4
228;Catálogo de Serviços de T.I.  CSTI_Graylog;Planejamento e implementação de estratégias de backup para os dados armazenados no Graylog e Elasticsearch, incluindo a configuração de backups incrementais e recuperação de desastres.;4
229;Catálogo de Serviços de T.I.  CSTI_Graylog;Planejamento e execução de melhorias na infraestrutura para garantir que o sistema do Graylog possa lidar com volumes de dados mais elevados e garantir alta disponibilidade.;5
230;Catálogo de Serviços de T.I.  CSTI_Graylog;Criação e otimização de alertas avançados e condições de notificação no Graylog, com base em critérios personalizados e thresholds complexos.;4
231;Catálogo de Serviços de T.I.  CSTI_Graylog;Integração do Graylog com ferramentas externas de notificação e monitoramento, como Slack, PagerDuty e Prometheus, para automação de respostas e escalonamento de alertas.;4
232;Catálogo de Serviços de T.I.  CSTI_Graylog;Configuração e manutenção de pipelines de processamento de logs avançados no Graylog, incluindo uso de Extractors e Processors para transformar e enriquecer dados.;4
233;Catálogo de Serviços de T.I.  CSTI_Graylog;Criação e ajuste de políticas de retenção de logs mais sofisticadas para garantir o armazenamento eficiente de dados a longo prazo.;3
234;Catálogo de Serviços de T.I.  CSTI_Graylog;Implementação de estratégias de arquivamento e backup de logs para garantir a conformidade com políticas de retenção e auditoria.;4
235;Catálogo de Serviços de T.I.  CSTI_Graylog;Planejamento e execução de backups incrementais ou completos dos índices do Elasticsearch e dos dados do Graylog, conforme a política organizacional.;4
236;Catálogo de Serviços de T.I.  CSTI_Graylog;Planejamento e execução de estratégias de resiliência para clusters, como replicação cruzada entre datacenters ou recuperação após falha total de um nó crítico.;5
237;Catálogo de Serviços de T.I.  CSTI_Graylog;Reconfiguração da infraestrutura para garantir que o Graylog possa lidar com altos volumes de dados de forma escalável, com ajustes de cache, memória e uso de discos SSD.;5
238;Catálogo de Serviços de T.I.  CSTI_Graylog;Revisão e reestruturação de arquiteturas de logs em ambientes altamente complexos, como sistemas de microserviços ou ambientes multi-cloud.;5
239;Catálogo de Serviços de T.I.  CSTI_Graylog;Reconfiguração avançada de pipelines de processamento de dados e uso de extractors personalizados para extrair, normalizar e enriquecer logs em tempo real.;4
240;Catálogo de Serviços de T.I.  CSTI_Graylog;Ajuste de configurações avançadas de Elasticsearch para garantir maior performance, como a configuração de index lifecycle management (ILM), para controlar a criação e rotação de índices.;4
241;Catálogo de Serviços de T.I.  CSTI_Graylog;Implementação de estratégias para evitar perda de dados, como configuração de snapshotting e backup contínuo de dados do Graylog e Elasticsearch.;4
242;Catálogo de Serviços de T.I.  CSTI_Graylog;Planejamento e implementação de soluções de backup e failover para o Graylog e seus componentes, para garantir a recuperação de dados após falhas graves.;5
243;Catálogo de Serviços de T.I.  CSTI_Graylog;Criação de ambientes de disaster recovery (DR) para o Graylog e seus sistemas dependentes, incluindo a replicação de dados entre regiões e utilização de cloud storage.;5
244;Catálogo de Serviços de T.I.  CSTI_Graylog;Configuração de failover automático e verificação de integridade para garantir que os dados estejam sempre disponíveis, mesmo após falhas.;4
245;Catálogo de Serviços de T.I.  CSTI_Graylog;Diagnóstico de problemas críticos de segurança, como falhas de configuração que possam comprometer a segurança do Graylog e suas fontes de dados.;4
246;Catálogo de Serviços de T.I.  CSTI_Graylog;Implementação de estratégias avançadas de segurança e auditoria, incluindo criptografia de dados em trânsito e em repouso, configurações de TLS para comunicação segura entre componentes e uso de RBAC (Role-Based Access Control).;4
247;Catálogo de Serviços de T.I.  CSTI_Graylog;Revisão e aplicação de hardening nos servidores que executam o Graylog, Elasticsearch e MongoDB, para garantir que atendam às melhores práticas de segurança.;4
248;Catálogo de Serviços de T.I.  CSTI_Graylog;Desenvolvimento de funcionalidades personalizadas para o Graylog, como a criação de plugins personalizados, integração com novas fontes de dados ou novos métodos de autenticação.;5
249;Catálogo de Serviços de T.I.  CSTI_Graylog;Implementação de soluções de integração com sistemas externos, como ferramentas de monitoramento, notificação e gerenciamento de incidentes (ex: Prometheus, Grafana, PagerDuty).;4
250;Catálogo de Serviços de T.I.  CSTI_Graylog;Criação e manutenção de dashboards e alertas personalizados para atender necessidades específicas de segurança ou compliance.;3
251;Catálogo de Serviços de T.I.  CSTI_Grafana;Planejamento de Arquitetura de Dashboards: Definição da arquitetura de dashboards personalizados no Grafana, com integração com múltiplos datasources e otimização de visualizações.;5
252;Catálogo de Serviços de T.I.  CSTI_Grafana;Configuração de Grafana com Prometheus: Consultoria para integrar Grafana com Prometheus para monitoramento e visualização de métricas de infraestrutura e aplicações.;5
253;Catálogo de Serviços de T.I.  CSTI_Grafana;Customização de Dashboards e Visualizações: Criação de dashboards personalizados no Grafana para monitoramento específico de métricas de containers, serviços ou aplicações.;4
254;Catálogo de Serviços de T.I.  CSTI_Grafana;Integração de Grafana com Sistemas de Alerta: Consultoria para configurar alertas no Grafana, integrando com ferramentas como Slack, email ou outros sistemas de notificação.;4
255;Catálogo de Serviços de T.I.  CSTI_Grafana;Desenvolvimento de Plugins e Extensões para Grafana: Criação de plugins personalizados para Grafana para integrar fontes de dados adicionais ou funcionalidades específicas.;6
256;Catálogo de Serviços de T.I.  CSTI_Grafana;Configuração de Backups e Recuperação de Grafana: Implementação de estratégias de backup e recuperação para o banco de dados do Grafana, incluindo dashboards e configurações.;4
257;Catálogo de Serviços de T.I.  CSTI_Grafana;Implementação de Segurança no Grafana: Configuração de autenticação e autorização, incluindo integração com LDAP, SSO e políticas de controle de acesso para proteger o acesso ao Grafana.;5
258;Catálogo de Serviços de T.I.  CSTI_Grafana;Consultoria para Expansão de Grafana em Grande Escala: Planejamento e implementação de uma arquitetura escalável de Grafana, incluindo clusterização e otimização para suportar grandes volumes de dados e múltiplos usuários.;6
259;Catálogo de Serviços de T.I.  CSTI_Grafana;Integração de Grafana com ElasticSearch: Consultoria para integrar o Grafana com ElasticSearch, criando dashboards para análise de logs e dados em tempo real.;5
260;Catálogo de Serviços de T.I.  CSTI_Grafana;Treinamento de Equipe em Grafana: Treinamento da equipe interna para utilizar Grafana eficientemente, incluindo criação de dashboards, configuração de alertas e análise de dados.;3
261;Catálogo de Serviços de T.I.  CSTI_Grafana;Configuração de Grafana para Monitoramento de Infraestrutura de TI: Implementação de Grafana para monitoramento de servidores, containers e outras infraestruturas com uso de datasources como Prometheus e Zabbix.;5
262;Catálogo de Serviços de T.I.  CSTI_Grafana;Auditoria de Performance e Segurança no Grafana: Análise de performance e segurança no Grafana, incluindo revisão de configurações de autenticação, criptografia e otimização de consultas.;5
263;Catálogo de Serviços de T.I.  CSTI_Grafana;Criação de Relatórios e Dashboards Automatizados: Desenvolvimento de dashboards e relatórios automatizados em Grafana, com exportação de dados para formatos como PDF ou CSV.;4
264;Catálogo de Serviços de T.I.  CSTI_Grafana;Implementação de Alertas Avançados no Grafana: Configuração de alertas avançados para monitorar eventos críticos, como falhas de serviço, alta latência e outros indicadores-chave de performance (KPIs).;4
265;Catálogo de Serviços de T.I.  CSTI_Grafana;Diagnóstico e Solução de Problemas de Conectividade no Grafana: Diagnóstico de falhas de conectividade entre o Grafana e datasources, resolução de problemas de rede ou configuração de firewall.;5
266;Catálogo de Serviços de T.I.  CSTI_Grafana;Consultoria em Monitoramento de Logs com Grafana: Integração do Grafana com sistemas de log, como ELK (Elasticsearch, Logstash e Kibana) ou Loki, para criar visualizações e dashboards de logs.;5
267;Catálogo de Serviços de T.I.  CSTI_Grafana;Planejamento e Implementação de Dashboard Centralizado: Consultoria para criar um painel centralizado no Grafana para monitoramento unificado de todos os sistemas críticos da organização.;5
268;Catálogo de Serviços de T.I.  CSTI_Grafana;Configuração de Grafana com InfluxDB: Consultoria para integrar Grafana com InfluxDB para coleta e visualização de métricas em tempo real, com otimização de consultas.;5
269;Catálogo de Serviços de T.I.  CSTI_Grafana;Otimização de Consultas no Grafana: Análise e otimização de consultas no Grafana para melhorar a performance de dashboards e reduzir o tempo de resposta em sistemas com grandes volumes de dados.;5
270;Catálogo de Serviços de T.I.  CSTI_Elastic_Stack;Criação de Políticas de Ciclo de Vida de Índices: Implementação de políticas de ILM para automatizar o ciclo de vida dos índices no Elasticsearch, configurando rotinas de rotação, arquivamento e exclusão de índices com base em requisitos de retenção de dados.;3
271;Catálogo de Serviços de T.I.  CSTI_Elastic_Stack;Ajuste de Políticas de ILM Existentes: Revisão e otimização de políticas ILM já configuradas, ajustando prazos e regras conforme as mudanças nos volumes de dados ou novas necessidades de negócios.;1
272;Catálogo de Serviços de T.I.  CSTI_Elastic_Stack;Configuração de Novos Pipelines: Implementação de pipelines separados no Logstash para ingestão de dados de múltiplas fontes simultaneamente, com configuração de filtros, parsers, e diferentes saídas para cada pipeline.;3
273;Catálogo de Serviços de T.I.  CSTI_Elastic_Stack;Ajuste de Pipelines Existentes: Refinamento de pipelines já em uso para otimizar o desempenho, corrigir erros de parse e melhorar a eficiência no processamento de dados.;1
274;Catálogo de Serviços de T.I.  CSTI_Elastic_Stack;Criação de Consultas Avançadas: Desenvolvimento de consultas no Elastic Query DSL para atender a requisitos de visualizações avançadas, como gráficos complexos em dashboards do Kibana, ajustando operadores e parâmetros conforme necessário.;3
275;Catálogo de Serviços de T.I.  CSTI_Elastic_Stack;Ajuste de Consultas Existentes: Revisão e modificação de consultas já configuradas para otimizar desempenho e corrigir falhas de execução, garantindo a entrega rápida de resultados.;1
276;Catálogo de Serviços de T.I.  CSTI_Elastic_Stack;Criação de Gráficos Personalizados com Timelion e Vega: Desenvolvimento de visualizações avançadas para atender a demandas específicas de gráficos complexos, como séries temporais detalhadas ou gráficos interativos.;5
277;Catálogo de Serviços de T.I.  CSTI_Elastic_Stack;Manutenção e Ajuste de Visualizações: Atualização e correção de visualizações existentes para garantir que gráficos personalizados continuem precisos após mudanças nos dados ou nas fontes de dados.;1
278;Catálogo de Serviços de T.I.  CSTI_Elastic_Stack;Planejamento de Atualizações de Versão: Elaboração de planos detalhados para a atualização do Elastic Stack (Elasticsearch, Kibana, Logstash, Beats), com identificação de impactos, riscos e plano de rollback.;3
279;Catálogo de Serviços de T.I.  CSTI_Elastic_Stack;Execução e Validação de Upgrades: Implementação de atualizações de versão principais e execução de testes pós-upgrade para validar conectividade, performance, integridade de dados e compatibilidade com plugins e customizações.;3
280;Catálogo de Serviços de T.I.  CSTI_Elastic_Stack;Configuração de Cluster de Alta Disponibilidade: Implementação de soluções de alta disponibilidade no Elasticsearch, incluindo hot-warm architecture, cross-cluster replication e cross-cluster search para garantir resiliência de dados e performance.;5
281;Catálogo de Serviços de T.I.  CSTI_Elastic_Stack;Configuração de Nós Dedicados para Balanceamento: Implementação de nós dedicados para ingestão, busca e coordenação, otimizando a carga do cluster e ajustando os papéis dos nós conforme o crescimento do ambiente.;3
282;Catálogo de Serviços de T.I.  CSTI_Elastic_Stack;Configuração de Papéis Baseados em Funções: Implementação de controle de acesso granularizado com roles-based access control (RBAC), garantindo que usuários e grupos tenham as permissões adequadas para índices e dashboards.;3
283;Catálogo de Serviços de T.I.  CSTI_Elastic_Stack;Ajuste de Papéis e Permissões Existentes: Revisão e ajuste das permissões já configuradas, atendendo a mudanças nos requisitos de segurança ou modificações nos níveis de acesso dos usuários.;1
